{"cameraMode":{"drawMode":0,"name":"Shaded","section":"Shading Mode"},"sceneLighting":true,"audioPlay":false,"sceneViewState":{"m_AlwaysRefresh":false,"showFog":true,"showSkybox":true,"showFlares":true,"showImageEffects":true,"showParticleSystems":true,"showVisualEffectGraphs":true,"m_FxEnabled":true},"in2DMode":false,"pivot":{"x":4.0699005126953129,"y":3.6341261863708498,"z":1.8648844957351685},"rotation":{"x":-0.09304816275835037,"y":0.8857861161231995,"z":-0.407108873128891,"w":-0.20245428383350373},"size":0.8660253882408142,"orthographic":false}